{
    "directory":
    [],
    "sql_file": "",
    "files": [
        {
            "root_directory" : "update/update_2.10/application/controllers/Admin.php",
            "update_directory" : "application/controllers/Admin.php"
        },
        {
            "root_directory" : "update/update_2.10/application/controllers/Home.php",
            "update_directory" : "application/controllers/Home.php"
        },
        {
            "root_directory" : "update/update_2.10/application/models/Crud_model.php",
            "update_directory" : "application/models/Crud_model.php"
        },
        {
            "root_directory" : "update/update_2.10/application/models/Frontend_model.php",
            "update_directory" : "application/models/Frontend_model.php"
        },
        {
            "root_directory" : "update/update_2.10/application/views/backend/admin/add_listing_basic.php",
            "update_directory" : "application/views/backend/admin/add_listing_basic.php"
        },
        {
            "root_directory" : "update/update_2.10/application/views/backend/admin/add_listing_media.php",
            "update_directory" : "application/views/backend/admin/add_listing_media.php"
        },
        {
            "root_directory" : "update/update_2.10/application/views/backend/admin/add_listing_schedule.php",
            "update_directory" : "application/views/backend/admin/add_listing_schedule.php"
        },
        {
            "root_directory" : "update/update_2.10/application/views/backend/admin/city_list_dropdown.php",
            "update_directory" : "application/views/backend/admin/city_list_dropdown.php"
        },
        {
            "root_directory" : "update/update_2.10/application/views/backend/admin/edit_listing_basic.php",
            "update_directory" : "application/views/backend/admin/edit_listing_basic.php"
        },
        {
            "root_directory" : "update/update_2.10/application/views/backend/admin/edit_listing_media.php",
            "update_directory" : "application/views/backend/admin/edit_listing_media.php"
        },
        {
            "root_directory" : "update/update_2.10/application/views/backend/admin/edit_listing_schedule.php",
            "update_directory" : "application/views/backend/admin/edit_listing_schedule.php"
        },
        {
            "root_directory" : "update/update_2.10/application/views/backend/admin/frontend_settings.php",
            "update_directory" : "application/views/backend/admin/frontend_settings.php"
        },
        {
            "root_directory" : "update/update_2.10/application/views/backend/admin/generic_form.php",
            "update_directory" : "application/views/backend/admin/generic_form.php"
        },
        {
            "root_directory" : "update/update_2.10/application/views/backend/common_scripts.php",
            "update_directory" : "application/views/backend/common_scripts.php"
        },
        {
            "root_directory" : "update/update_2.10/application/views/backend/includes_bottom.php",
            "update_directory" : "application/views/backend/includes_bottom.php"
        },
        {
            "root_directory" : "update/update_2.10/application/views/backend/includes_top.php",
            "update_directory" : "application/views/backend/includes_top.php"
        },
        {
            "root_directory" : "update/update_2.10/application/views/backend/user/add_listing_basic.php",
            "update_directory" : "application/views/backend/user/add_listing_basic.php"
        },
        {
            "root_directory" : "update/update_2.10/application/views/backend/user/add_listing_media.php",
            "update_directory" : "application/views/backend/user/add_listing_media.php"
        },
        {
            "root_directory" : "update/update_2.10/application/views/backend/user/add_listing_schedule.php",
            "update_directory" : "application/views/backend/user/add_listing_schedule.php"
        },
        {
            "root_directory" : "update/update_2.10/application/views/backend/user/edit_listing_basic.php",
            "update_directory" : "application/views/backend/user/edit_listing_basic.php"
        },
        {
            "root_directory" : "update/update_2.10/application/views/backend/user/edit_listing_location.php",
            "update_directory" : "application/views/backend/user/edit_listing_location.php"
        },
        {
            "root_directory" : "update/update_2.10/application/views/backend/user/edit_listing_media.php",
            "update_directory" : "application/views/backend/user/edit_listing_media.php"
        },
        {
            "root_directory" : "update/update_2.10/application/views/backend/user/edit_listing_schedule.php",
            "update_directory" : "application/views/backend/user/edit_listing_schedule.php"
        },
        {
            "root_directory" : "update/update_2.10/application/views/frontend/category.php",
            "update_directory" : "application/views/frontend/category.php"
        },
        {
            "root_directory" : "update/update_2.10/application/views/frontend/contact.php",
            "update_directory" : "application/views/frontend/contact.php"
        },
        {
            "root_directory" : "update/update_2.10/application/views/frontend/directory_listing.php",
            "update_directory" : "application/views/frontend/directory_listing.php"
        },
        {
            "root_directory" : "update/update_2.10/application/views/frontend/footer.php",
            "update_directory" : "application/views/frontend/footer.php"
        },
        {
            "root_directory" : "update/update_2.10/application/views/frontend/footer_more_category.php",
            "update_directory" : "application/views/frontend/footer_more_category.php"
        },
        {
            "root_directory" : "update/update_2.10/application/views/frontend/header_listing.php",
            "update_directory" : "application/views/frontend/header_listing.php"
        },
        {
            "root_directory" : "update/update_2.10/application/views/frontend/home.php",
            "update_directory" : "application/views/frontend/home.php"
        },
        {
            "root_directory" : "update/update_2.10/application/views/frontend/home_categories.php",
            "update_directory" : "application/views/frontend/home_categories.php"
        },
        {
            "root_directory" : "update/update_2.10/application/views/frontend/listings_grid_view.php",
            "update_directory" : "application/views/frontend/listings_grid_view.php"
        },
        {
            "root_directory" : "update/update_2.10/application/views/frontend/listings_list_view.php",
            "update_directory" : "application/views/frontend/listings_list_view.php"
        },
        {
            "root_directory" : "update/update_2.10/application/views/frontend/login.php",
            "update_directory" : "application/views/frontend/login.php"
        },
        {
            "root_directory" : "update/update_2.10/application/views/frontend/sign_up.php",
            "update_directory" : "application/views/frontend/sign_up.php"
        },
        {
            "root_directory" : "update/update_2.10/application/views/frontend/Session.php",
            "update_directory" : "system/libraries/Session/Session.php"
        },
        {
            "root_directory" : "update/update_2.10/application/views/backend/fontawesome-iconpicker.min.js",
            "update_directory" : "assets/backend/js/font-awesome-icon-picker/fontawesome-iconpicker.min.js"
        },
        {
            "root_directory" : "update/update_2.10/application/views/backend/select2.min.js",
            "update_directory" : "assets/backend/js/select2/select2.min.js"
        },
        {
            "root_directory" : "update/update_2.10/application/views/backend/select2.min.css",
            "update_directory" : "assets/backend/js/select2/select2.min.css"
        }
    ]
  }
